[
    {
        "Id": "1",
        "Username": "wytivehqmr",
        "Date": "50-1-6465",
        "Time": "64:96:78",
        "Activity": "Yrwyggiwwjyp pskmr",
        "Additional Information": "Tewwasvh AvsrkTewwasvh mw xvmih mr gsqfmrexmsr amxl Ywivreqi: wytivehqmr",
        "Suspicious": "Ciw",
        "Read": "True"
    },
    {
        "Id": "2",
        "Username": "wytivehqmr",
        "Date": "50-1-6465",
        "Time": "64:96:73",
        "Activity": "Pskkih mr",
        "Additional Information": "",
        "Suspicious": "Rs",
        "Read": "True"
    },
    {
        "Id": "3",
        "Username": "wytivehqmr",
        "Date": "50-1-6465",
        "Time": "64:98:67",
        "Activity": "Wyggiwwjyppc qehi e fegoyt",
        "Additional Information": "",
        "Suspicious": "Rs",
        "Read": "False"
    },
    {
        "Id": "4",
        "Username": "wytivehqmr",
        "Date": "50-1-6465",
        "Time": "64:99:81",
        "Activity": "Wyggiwwjyppc qehi e fegoyt",
        "Additional Information": "",
        "Suspicious": "Rs",
        "Read": "False"
    },
    {
        "Id": "5",
        "Username": "wytivehqmr",
        "Date": "50-1-6465",
        "Time": "65:6:5",
        "Activity": "Pskkih mr",
        "Additional Information": "",
        "Suspicious": "Rs",
        "Read": "False"
    }
]